ï..sample,pop,super,X_pop.......gender,
674,HG01879,ACB,AFR,male
675,HG01880,ACB,AFR,female
676,HG01882,ACB,AFR,male
677,HG01883,ACB,AFR,female
678,HG01885,ACB,AFR,male
679,HG01886,ACB,AFR,female
680,HG01889,ACB,AFR,female
681,HG01890,ACB,AFR,male
684,HG01894,ACB,AFR,female
685,HG01896,ACB,AFR,female
686,HG01912,ACB,AFR,male
687,HG01914,ACB,AFR,male
688,HG01915,ACB,AFR,female
713,HG01956,ACB,AFR,female
714,HG01958,ACB,AFR,female
728,HG01985,ACB,AFR,female
729,HG01986,ACB,AFR,male
730,HG01988,ACB,AFR,male
731,HG01989,ACB,AFR,female
732,HG01990,ACB,AFR,male
740,HG02009,ACB,AFR,male
741,HG02010,ACB,AFR,female
742,HG02012,ACB,AFR,female
743,HG02013,ACB,AFR,male
744,HG02014,ACB,AFR,male
762,HG02051,ACB,AFR,male
763,HG02052,ACB,AFR,female
764,HG02053,ACB,AFR,male
765,HG02054,ACB,AFR,female
789,HG02095,ACB,AFR,female
793,HG02107,ACB,AFR,male
794,HG02108,ACB,AFR,female
795,HG02111,ACB,AFR,female
813,HG02143,ACB,AFR,male
814,HG02144,ACB,AFR,female
855,HG02255,ACB,AFR,male
856,HG02256,ACB,AFR,female
868,HG02281,ACB,AFR,male
869,HG02282,ACB,AFR,female
870,HG02283,ACB,AFR,male
871,HG02284,ACB,AFR,male
880,HG02307,ACB,AFR,male
881,HG02308,ACB,AFR,female
882,HG02309,ACB,AFR,female
884,HG02314,ACB,AFR,male
885,HG02315,ACB,AFR,female
886,HG02317,ACB,AFR,male
887,HG02318,ACB,AFR,female
888,HG02322,ACB,AFR,female
889,HG02323,ACB,AFR,male
890,HG02325,ACB,AFR,female
891,HG02330,ACB,AFR,male
892,HG02332,ACB,AFR,male
893,HG02334,ACB,AFR,male
894,HG02337,ACB,AFR,female
895,HG02339,ACB,AFR,female
896,HG02343,ACB,AFR,male
934,HG02419,ACB,AFR,female
935,HG02420,ACB,AFR,male
937,HG02427,ACB,AFR,female
938,HG02429,ACB,AFR,male
939,HG02433,ACB,AFR,male
940,HG02439,ACB,AFR,male
941,HG02442,ACB,AFR,male
942,HG02445,ACB,AFR,male
943,HG02449,ACB,AFR,male
944,HG02450,ACB,AFR,female
945,HG02455,ACB,AFR,male
946,HG02461,GWD,AFR,male
947,HG02462,GWD,AFR,female
948,HG02464,GWD,AFR,male
949,HG02465,GWD,AFR,female
950,HG02470,ACB,AFR,male
951,HG02471,ACB,AFR,female
952,HG02476,ACB,AFR,female
953,HG02477,ACB,AFR,female
954,HG02479,ACB,AFR,female
955,HG02481,ACB,AFR,male
956,HG02484,ACB,AFR,male
957,HG02485,ACB,AFR,female
958,HG02489,ACB,AFR,male
963,HG02496,ACB,AFR,male
964,HG02497,ACB,AFR,female
965,HG02501,ACB,AFR,male
966,HG02502,ACB,AFR,female
967,HG02505,ACB,AFR,female
968,HG02508,ACB,AFR,female
969,HG02511,ACB,AFR,female
974,HG02536,ACB,AFR,male
975,HG02537,ACB,AFR,female
976,HG02541,ACB,AFR,male
977,HG02545,ACB,AFR,male
978,HG02546,ACB,AFR,female
979,HG02549,ACB,AFR,female
980,HG02554,ACB,AFR,male
981,HG02555,ACB,AFR,female
982,HG02557,ACB,AFR,male
983,HG02558,ACB,AFR,female
984,HG02561,GWD,AFR,male
985,HG02562,GWD,AFR,female
986,HG02568,GWD,AFR,female
987,HG02570,GWD,AFR,male
988,HG02571,GWD,AFR,female
989,HG02573,GWD,AFR,male
990,HG02574,GWD,AFR,female
991,HG02577,ACB,AFR,female
992,HG02580,ACB,AFR,female
993,HG02582,GWD,AFR,male
994,HG02583,GWD,AFR,female
995,HG02585,GWD,AFR,male
996,HG02586,GWD,AFR,female
997,HG02588,GWD,AFR,male
998,HG02589,GWD,AFR,female
999,HG02594,GWD,AFR,male
1000,HG02595,GWD,AFR,female
1006,HG02610,GWD,AFR,male
1007,HG02611,GWD,AFR,female
1008,HG02613,GWD,AFR,male
1009,HG02614,GWD,AFR,female
1010,HG02620,GWD,AFR,male
1011,HG02621,GWD,AFR,female
1012,HG02623,GWD,AFR,male
1013,HG02624,GWD,AFR,female
1014,HG02628,GWD,AFR,male
1015,HG02629,GWD,AFR,female
1016,HG02634,GWD,AFR,male
1017,HG02635,GWD,AFR,female
1018,HG02642,GWD,AFR,male
1019,HG02643,GWD,AFR,female
1020,HG02645,GWD,AFR,male
1021,HG02646,GWD,AFR,female
1032,HG02666,GWD,AFR,male
1033,HG02667,GWD,AFR,female
1034,HG02675,GWD,AFR,male
1035,HG02676,GWD,AFR,female
1036,HG02678,GWD,AFR,male
1037,HG02679,GWD,AFR,female
1051,HG02702,GWD,AFR,male
1052,HG02703,GWD,AFR,female
1053,HG02715,GWD,AFR,male
1054,HG02716,GWD,AFR,female
1055,HG02721,GWD,AFR,male
1056,HG02722,GWD,AFR,female
1066,HG02756,GWD,AFR,male
1067,HG02757,GWD,AFR,female
1068,HG02759,GWD,AFR,male
1069,HG02760,GWD,AFR,female
1070,HG02763,GWD,AFR,female
1071,HG02768,GWD,AFR,male
1072,HG02769,GWD,AFR,female
1073,HG02771,GWD,AFR,male
1074,HG02772,GWD,AFR,female
1087,HG02798,GWD,AFR,male
1088,HG02799,GWD,AFR,female
1089,HG02804,GWD,AFR,male
1090,HG02805,GWD,AFR,female
1091,HG02807,GWD,AFR,male
1092,HG02808,GWD,AFR,female
1093,HG02810,GWD,AFR,male
1094,HG02811,GWD,AFR,female
1095,HG02813,GWD,AFR,male
1096,HG02814,GWD,AFR,female
1097,HG02816,GWD,AFR,male
1098,HG02817,GWD,AFR,female
1099,HG02819,GWD,AFR,male
1100,HG02820,GWD,AFR,female
1101,HG02836,GWD,AFR,male
1102,HG02837,GWD,AFR,female
1103,HG02839,GWD,AFR,male
1104,HG02840,GWD,AFR,female
1105,HG02851,GWD,AFR,male
1106,HG02852,GWD,AFR,female
1107,HG02854,GWD,AFR,male
1108,HG02855,GWD,AFR,female
1109,HG02860,GWD,AFR,male
1110,HG02861,GWD,AFR,female
1111,HG02870,GWD,AFR,female
1112,HG02878,GWD,AFR,male
1113,HG02879,GWD,AFR,female
1114,HG02881,GWD,AFR,male
1115,HG02882,GWD,AFR,female
1116,HG02884,GWD,AFR,male
1117,HG02885,GWD,AFR,female
1118,HG02887,GWD,AFR,male
1119,HG02888,GWD,AFR,female
1120,HG02890,GWD,AFR,male
1121,HG02891,GWD,AFR,female
1122,HG02895,GWD,AFR,male
1123,HG02896,GWD,AFR,female
1124,HG02922,ESN,AFR,female
1125,HG02923,ESN,AFR,male
1126,HG02938,ESN,AFR,male
1127,HG02941,ESN,AFR,male
1128,HG02943,ESN,AFR,female
1129,HG02944,ESN,AFR,male
1130,HG02946,ESN,AFR,female
1131,HG02947,ESN,AFR,male
1132,HG02952,ESN,AFR,female
1133,HG02953,ESN,AFR,male
1134,HG02968,ESN,AFR,male
1135,HG02970,ESN,AFR,female
1136,HG02971,ESN,AFR,male
1137,HG02973,ESN,AFR,male
1138,HG02974,ESN,AFR,female
1139,HG02976,ESN,AFR,female
1140,HG02977,ESN,AFR,male
1141,HG02979,ESN,AFR,female
1142,HG02981,ESN,AFR,male
1143,HG02982,GWD,AFR,male
1144,HG02983,GWD,AFR,female
1155,HG03024,GWD,AFR,male
1156,HG03025,GWD,AFR,female
1157,HG03027,GWD,AFR,male
1158,HG03028,GWD,AFR,female
1159,HG03039,GWD,AFR,male
1160,HG03040,GWD,AFR,female
1161,HG03045,GWD,AFR,male
1162,HG03046,GWD,AFR,female
1163,HG03048,GWD,AFR,male
1164,HG03049,GWD,AFR,female
1165,HG03052,MSL,AFR,female
1166,HG03054,MSL,AFR,male
1167,HG03055,MSL,AFR,female
1168,HG03057,MSL,AFR,male
1169,HG03058,MSL,AFR,female
1170,HG03060,MSL,AFR,male
1171,HG03061,MSL,AFR,female
1172,HG03063,MSL,AFR,male
1173,HG03064,MSL,AFR,female
1174,HG03066,MSL,AFR,male
1175,HG03069,MSL,AFR,male
1176,HG03072,MSL,AFR,male
1177,HG03073,MSL,AFR,female
1178,HG03074,MSL,AFR,male
1179,HG03077,MSL,AFR,male
1180,HG03078,MSL,AFR,male
1181,HG03079,MSL,AFR,female
1182,HG03081,MSL,AFR,male
1183,HG03082,MSL,AFR,female
1184,HG03084,MSL,AFR,male
1185,HG03085,MSL,AFR,female
1186,HG03086,MSL,AFR,female
1187,HG03088,MSL,AFR,female
1188,HG03091,MSL,AFR,female
1189,HG03095,MSL,AFR,female
1190,HG03096,MSL,AFR,male
1191,HG03097,MSL,AFR,female
1192,HG03099,ESN,AFR,female
1193,HG03100,ESN,AFR,male
1194,HG03103,ESN,AFR,male
1195,HG03105,ESN,AFR,female
1196,HG03108,ESN,AFR,female
1197,HG03109,ESN,AFR,male
1198,HG03111,ESN,AFR,female
1199,HG03112,ESN,AFR,male
1200,HG03114,ESN,AFR,female
1201,HG03115,ESN,AFR,male
1202,HG03117,ESN,AFR,female
1203,HG03118,ESN,AFR,male
1204,HG03120,ESN,AFR,male
1205,HG03121,ESN,AFR,female
1206,HG03123,ESN,AFR,female
1207,HG03124,ESN,AFR,male
1208,HG03126,ESN,AFR,female
1209,HG03127,ESN,AFR,male
1210,HG03129,ESN,AFR,female
1211,HG03130,ESN,AFR,male
1212,HG03132,ESN,AFR,female
1213,HG03133,ESN,AFR,male
1214,HG03135,ESN,AFR,female
1215,HG03136,ESN,AFR,male
1216,HG03139,ESN,AFR,male
1217,HG03157,ESN,AFR,male
1218,HG03159,ESN,AFR,female
1219,HG03160,ESN,AFR,male
1220,HG03162,ESN,AFR,female
1221,HG03163,ESN,AFR,male
1222,HG03166,ESN,AFR,male
1223,HG03168,ESN,AFR,female
1224,HG03169,ESN,AFR,male
1225,HG03172,ESN,AFR,male
1226,HG03175,ESN,AFR,male
1227,HG03189,ESN,AFR,female
1228,HG03190,ESN,AFR,male
1229,HG03193,ESN,AFR,male
1230,HG03195,ESN,AFR,female
1231,HG03196,ESN,AFR,male
1232,HG03198,ESN,AFR,female
1233,HG03199,ESN,AFR,male
1234,HG03202,ESN,AFR,male
1235,HG03209,MSL,AFR,male
1236,HG03212,MSL,AFR,female
1237,HG03224,MSL,AFR,male
1238,HG03225,MSL,AFR,male
1245,HG03240,GWD,AFR,male
1246,HG03241,GWD,AFR,female
1247,HG03246,GWD,AFR,male
1248,HG03247,GWD,AFR,female
1249,HG03258,GWD,AFR,male
1250,HG03259,GWD,AFR,female
1251,HG03265,ESN,AFR,male
1252,HG03267,ESN,AFR,female
1253,HG03268,ESN,AFR,male
1254,HG03270,ESN,AFR,female
1255,HG03271,ESN,AFR,male
1256,HG03279,ESN,AFR,female
1257,HG03280,ESN,AFR,male
1258,HG03291,ESN,AFR,female
1259,HG03294,ESN,AFR,female
1260,HG03295,ESN,AFR,male
1261,HG03297,ESN,AFR,female
1262,HG03298,ESN,AFR,male
1263,HG03300,ESN,AFR,female
1264,HG03301,ESN,AFR,male
1265,HG03303,ESN,AFR,female
1266,HG03304,ESN,AFR,male
1267,HG03311,ESN,AFR,male
1268,HG03313,ESN,AFR,male
1269,HG03342,ESN,AFR,female
1270,HG03343,ESN,AFR,male
1271,HG03351,ESN,AFR,female
1272,HG03352,ESN,AFR,male
1273,HG03354,ESN,AFR,female
1274,HG03363,ESN,AFR,female
1275,HG03366,ESN,AFR,female
1276,HG03367,ESN,AFR,male
1277,HG03369,ESN,AFR,female
1278,HG03370,ESN,AFR,male
1279,HG03372,ESN,AFR,female
1280,HG03376,MSL,AFR,male
1281,HG03378,MSL,AFR,female
1282,HG03380,MSL,AFR,female
1283,HG03382,MSL,AFR,male
1284,HG03385,MSL,AFR,male
1285,HG03388,MSL,AFR,male
1286,HG03391,MSL,AFR,male
1287,HG03394,MSL,AFR,male
1288,HG03397,MSL,AFR,male
1289,HG03401,MSL,AFR,female
1290,HG03410,MSL,AFR,female
1291,HG03419,MSL,AFR,female
1292,HG03428,MSL,AFR,female
1293,HG03432,MSL,AFR,male
1294,HG03433,MSL,AFR,male
1295,HG03436,MSL,AFR,male
1296,HG03437,MSL,AFR,female
1297,HG03439,MSL,AFR,male
1298,HG03442,MSL,AFR,male
1299,HG03445,MSL,AFR,male
1300,HG03446,MSL,AFR,female
1301,HG03449,MSL,AFR,female
1302,HG03451,MSL,AFR,male
1303,HG03452,MSL,AFR,female
1304,HG03455,MSL,AFR,female
1305,HG03457,MSL,AFR,male
1306,HG03458,MSL,AFR,female
1307,HG03460,MSL,AFR,male
1308,HG03461,MSL,AFR,female
1309,HG03464,MSL,AFR,female
1310,HG03469,MSL,AFR,male
1311,HG03470,MSL,AFR,female
1312,HG03472,MSL,AFR,male
1313,HG03473,MSL,AFR,female
1314,HG03476,MSL,AFR,female
1315,HG03478,MSL,AFR,male
1316,HG03479,MSL,AFR,female
1317,HG03484,MSL,AFR,male
1318,HG03485,MSL,AFR,female
1322,HG03499,ESN,AFR,female
1323,HG03511,ESN,AFR,female
1324,HG03514,ESN,AFR,female
1325,HG03515,ESN,AFR,male
1326,HG03517,ESN,AFR,female
1327,HG03518,ESN,AFR,male
1328,HG03520,ESN,AFR,female
1329,HG03521,ESN,AFR,male
1330,HG03538,GWD,AFR,male
1331,HG03539,GWD,AFR,female
1332,HG03547,MSL,AFR,male
1333,HG03548,MSL,AFR,female
1334,HG03556,MSL,AFR,male
1335,HG03557,MSL,AFR,female
1336,HG03558,MSL,AFR,female
1337,HG03559,MSL,AFR,male
1338,HG03563,MSL,AFR,female
1339,HG03565,MSL,AFR,male
1340,HG03567,MSL,AFR,female
1341,HG03571,MSL,AFR,male
1342,HG03572,MSL,AFR,female
1343,HG03575,MSL,AFR,female
1344,HG03577,MSL,AFR,male
1345,HG03578,MSL,AFR,female
1346,HG03583,MSL,AFR,female
1756,NA18486,YRI,AFR,male
1757,NA18488,YRI,AFR,female
1758,NA18489,YRI,AFR,female
1759,NA18498,YRI,AFR,male
1760,NA18499,YRI,AFR,female
1761,NA18501,YRI,AFR,male
1762,NA18502,YRI,AFR,female
1763,NA18504,YRI,AFR,male
1764,NA18505,YRI,AFR,female
1765,NA18507,YRI,AFR,male
1766,NA18508,YRI,AFR,female
1767,NA18510,YRI,AFR,male
1768,NA18511,YRI,AFR,female
1769,NA18516,YRI,AFR,male
1770,NA18517,YRI,AFR,female
1771,NA18519,YRI,AFR,male
1772,NA18520,YRI,AFR,female
1773,NA18522,YRI,AFR,male
1774,NA18523,YRI,AFR,female
1878,NA18853,YRI,AFR,male
1879,NA18856,YRI,AFR,male
1880,NA18858,YRI,AFR,female
1881,NA18861,YRI,AFR,female
1882,NA18864,YRI,AFR,female
1883,NA18865,YRI,AFR,male
1884,NA18867,YRI,AFR,female
1885,NA18868,YRI,AFR,male
1886,NA18870,YRI,AFR,female
1887,NA18871,YRI,AFR,male
1888,NA18873,YRI,AFR,female
1889,NA18874,YRI,AFR,male
1890,NA18876,YRI,AFR,female
1891,NA18877,YRI,AFR,male
1892,NA18878,YRI,AFR,female
1893,NA18879,YRI,AFR,male
1894,NA18881,YRI,AFR,female
1895,NA18907,YRI,AFR,female
1896,NA18908,YRI,AFR,male
1897,NA18909,YRI,AFR,female
1898,NA18910,YRI,AFR,male
1899,NA18912,YRI,AFR,female
1900,NA18915,YRI,AFR,male
1901,NA18916,YRI,AFR,female
1902,NA18917,YRI,AFR,male
1903,NA18923,YRI,AFR,male
1904,NA18924,YRI,AFR,female
1905,NA18933,YRI,AFR,female
1906,NA18934,YRI,AFR,male
1977,NA19017,LWK,AFR,female
1978,NA19019,LWK,AFR,female
1979,NA19020,LWK,AFR,male
1980,NA19023,LWK,AFR,female
1981,NA19024,LWK,AFR,female
1982,NA19025,LWK,AFR,male
1983,NA19026,LWK,AFR,male
1984,NA19027,LWK,AFR,male
1985,NA19028,LWK,AFR,male
1986,NA19030,LWK,AFR,female
1987,NA19031,LWK,AFR,male
1988,NA19035,LWK,AFR,male
1989,NA19036,LWK,AFR,female
1990,NA19037,LWK,AFR,female
1991,NA19038,LWK,AFR,female
1992,NA19041,LWK,AFR,male
1993,NA19042,LWK,AFR,female
1994,NA19043,LWK,AFR,male
2029,NA19092,YRI,AFR,male
2030,NA19093,YRI,AFR,female
2031,NA19095,YRI,AFR,female
2032,NA19096,YRI,AFR,male
2033,NA19098,YRI,AFR,male
2034,NA19099,YRI,AFR,female
2035,NA19102,YRI,AFR,female
2036,NA19107,YRI,AFR,male
2037,NA19108,YRI,AFR,female
2038,NA19113,YRI,AFR,male
2039,NA19114,YRI,AFR,female
2040,NA19116,YRI,AFR,female
2041,NA19117,YRI,AFR,male
2042,NA19118,YRI,AFR,female
2043,NA19119,YRI,AFR,male
2044,NA19121,YRI,AFR,male
2045,NA19129,YRI,AFR,female
2046,NA19130,YRI,AFR,male
2047,NA19131,YRI,AFR,female
2048,NA19137,YRI,AFR,female
2049,NA19138,YRI,AFR,male
2050,NA19141,YRI,AFR,male
2051,NA19143,YRI,AFR,female
2052,NA19144,YRI,AFR,male
2053,NA19146,YRI,AFR,male
2054,NA19147,YRI,AFR,female
2055,NA19149,YRI,AFR,female
2056,NA19152,YRI,AFR,female
2057,NA19153,YRI,AFR,male
2058,NA19159,YRI,AFR,female
2059,NA19160,YRI,AFR,male
2060,NA19171,YRI,AFR,male
2061,NA19172,YRI,AFR,female
2062,NA19175,YRI,AFR,male
2063,NA19184,YRI,AFR,male
2064,NA19185,YRI,AFR,female
2065,NA19189,YRI,AFR,male
2066,NA19190,YRI,AFR,female
2067,NA19197,YRI,AFR,female
2068,NA19198,YRI,AFR,male
2069,NA19200,YRI,AFR,male
2070,NA19201,YRI,AFR,female
2071,NA19204,YRI,AFR,female
2072,NA19206,YRI,AFR,female
2073,NA19207,YRI,AFR,male
2074,NA19209,YRI,AFR,female
2075,NA19210,YRI,AFR,male
2076,NA19213,YRI,AFR,male
2077,NA19214,YRI,AFR,female
2078,NA19222,YRI,AFR,female
2079,NA19223,YRI,AFR,male
2080,NA19225,YRI,AFR,female
2081,NA19235,YRI,AFR,female
2082,NA19236,YRI,AFR,male
2083,NA19238,YRI,AFR,female
2084,NA19239,YRI,AFR,male
2085,NA19247,YRI,AFR,female
2086,NA19248,YRI,AFR,male
2087,NA19256,YRI,AFR,male
2088,NA19257,YRI,AFR,female
2089,NA19307,LWK,AFR,male
2090,NA19308,LWK,AFR,male
2091,NA19309,LWK,AFR,male
2092,NA19310,LWK,AFR,female
2093,NA19312,LWK,AFR,male
2094,NA19314,LWK,AFR,female
2095,NA19315,LWK,AFR,female
2096,NA19316,LWK,AFR,female
2097,NA19317,LWK,AFR,male
2098,NA19318,LWK,AFR,male
2099,NA19319,LWK,AFR,male
2100,NA19320,LWK,AFR,female
2101,NA19321,LWK,AFR,female
2102,NA19323,LWK,AFR,female
2103,NA19324,LWK,AFR,female
2104,NA19327,LWK,AFR,female
2105,NA19328,LWK,AFR,female
2106,NA19331,LWK,AFR,male
2107,NA19332,LWK,AFR,female
2108,NA19334,LWK,AFR,male
2109,NA19338,LWK,AFR,female
2110,NA19346,LWK,AFR,male
2111,NA19347,LWK,AFR,male
2112,NA19350,LWK,AFR,male
2113,NA19351,LWK,AFR,female
2114,NA19355,LWK,AFR,female
2115,NA19360,LWK,AFR,male
2116,NA19372,LWK,AFR,male
2117,NA19374,LWK,AFR,male
2118,NA19375,LWK,AFR,male
2119,NA19376,LWK,AFR,male
2120,NA19377,LWK,AFR,female
2121,NA19378,LWK,AFR,female
2122,NA19379,LWK,AFR,female
2123,NA19380,LWK,AFR,male
2124,NA19383,LWK,AFR,male
2125,NA19384,LWK,AFR,male
2126,NA19385,LWK,AFR,male
2127,NA19390,LWK,AFR,female
2128,NA19391,LWK,AFR,female
2129,NA19393,LWK,AFR,male
2130,NA19394,LWK,AFR,male
2131,NA19395,LWK,AFR,female
2132,NA19397,LWK,AFR,male
2133,NA19399,LWK,AFR,female
2134,NA19401,LWK,AFR,female
2135,NA19403,LWK,AFR,female
2136,NA19404,LWK,AFR,female
2137,NA19428,LWK,AFR,male
2138,NA19429,LWK,AFR,male
2139,NA19430,LWK,AFR,male
2140,NA19431,LWK,AFR,female
2141,NA19434,LWK,AFR,female
2142,NA19435,LWK,AFR,female
2143,NA19436,LWK,AFR,female
2144,NA19437,LWK,AFR,female
2145,NA19438,LWK,AFR,female
2146,NA19439,LWK,AFR,female
2147,NA19440,LWK,AFR,female
2148,NA19443,LWK,AFR,male
2149,NA19445,LWK,AFR,female
2150,NA19446,LWK,AFR,female
2151,NA19448,LWK,AFR,male
2152,NA19449,LWK,AFR,female
2153,NA19451,LWK,AFR,male
2154,NA19452,LWK,AFR,male
2155,NA19454,LWK,AFR,male
2156,NA19455,LWK,AFR,male
2157,NA19456,LWK,AFR,female
2158,NA19457,LWK,AFR,female
2159,NA19461,LWK,AFR,male
2160,NA19462,LWK,AFR,female
2161,NA19463,LWK,AFR,female
2162,NA19466,LWK,AFR,male
2163,NA19467,LWK,AFR,female
2164,NA19468,LWK,AFR,female
2165,NA19471,LWK,AFR,female
2166,NA19472,LWK,AFR,female
2167,NA19473,LWK,AFR,female
2168,NA19474,LWK,AFR,female
2169,NA19475,LWK,AFR,female
2170,NA19625,ASW,AFR,female
2190,NA19700,ASW,AFR,male
2191,NA19701,ASW,AFR,female
2192,NA19703,ASW,AFR,male
2193,NA19704,ASW,AFR,female
2194,NA19707,ASW,AFR,female
2195,NA19711,ASW,AFR,male
2196,NA19712,ASW,AFR,female
2197,NA19713,ASW,AFR,female
2243,NA19818,ASW,AFR,male
2244,NA19819,ASW,AFR,female
2245,NA19834,ASW,AFR,male
2246,NA19835,ASW,AFR,female
2247,NA19900,ASW,AFR,male
2248,NA19901,ASW,AFR,female
2249,NA19904,ASW,AFR,male
2250,NA19908,ASW,AFR,male
2251,NA19909,ASW,AFR,female
2252,NA19913,ASW,AFR,female
2253,NA19914,ASW,AFR,female
2254,NA19916,ASW,AFR,male
2255,NA19917,ASW,AFR,female
2256,NA19920,ASW,AFR,male
2257,NA19921,ASW,AFR,female
2258,NA19922,ASW,AFR,male
2259,NA19923,ASW,AFR,female
2260,NA19982,ASW,AFR,male
2261,NA19984,ASW,AFR,male
2262,NA20126,ASW,AFR,male
2263,NA20127,ASW,AFR,female
2264,NA20274,ASW,AFR,female
2265,NA20276,ASW,AFR,female
2266,NA20278,ASW,AFR,male
2267,NA20281,ASW,AFR,male
2268,NA20282,ASW,AFR,female
2269,NA20287,ASW,AFR,female
2270,NA20289,ASW,AFR,female
2271,NA20291,ASW,AFR,male
2272,NA20294,ASW,AFR,female
2273,NA20296,ASW,AFR,female
2274,NA20298,ASW,AFR,male
2275,NA20299,ASW,AFR,female
2276,NA20314,ASW,AFR,female
2277,NA20317,ASW,AFR,female
2278,NA20318,ASW,AFR,male
2279,NA20320,ASW,AFR,female
2280,NA20321,ASW,AFR,female
2281,NA20332,ASW,AFR,female
2282,NA20334,ASW,AFR,female
2283,NA20339,ASW,AFR,female
2284,NA20340,ASW,AFR,male
2285,NA20342,ASW,AFR,male
2286,NA20346,ASW,AFR,male
2287,NA20348,ASW,AFR,male
2288,NA20351,ASW,AFR,male
2289,NA20355,ASW,AFR,female
2290,NA20356,ASW,AFR,male
2291,NA20357,ASW,AFR,female
2292,NA20359,ASW,AFR,female
2293,NA20362,ASW,AFR,male
2294,NA20412,ASW,AFR,female
228,HG00551,PUR,AMR,female
229,HG00553,PUR,AMR,male
230,HG00554,PUR,AMR,female
266,HG00637,PUR,AMR,male
267,HG00638,PUR,AMR,female
268,HG00640,PUR,AMR,male
269,HG00641,PUR,AMR,female
298,HG00731,PUR,AMR,male
299,HG00732,PUR,AMR,female
300,HG00734,PUR,AMR,female
301,HG00736,PUR,AMR,male
302,HG00737,PUR,AMR,female
303,HG00739,PUR,AMR,male
304,HG00740,PUR,AMR,female
305,HG00742,PUR,AMR,male
306,HG00743,PUR,AMR,female
322,HG01047,PUR,AMR,male
323,HG01048,PUR,AMR,male
324,HG01049,PUR,AMR,female
325,HG01051,PUR,AMR,male
326,HG01052,PUR,AMR,female
327,HG01054,PUR,AMR,male
328,HG01055,PUR,AMR,female
329,HG01058,PUR,AMR,female
330,HG01060,PUR,AMR,male
331,HG01061,PUR,AMR,female
332,HG01063,PUR,AMR,male
333,HG01064,PUR,AMR,female
334,HG01066,PUR,AMR,male
335,HG01067,PUR,AMR,female
336,HG01069,PUR,AMR,male
337,HG01070,PUR,AMR,female
338,HG01072,PUR,AMR,male
339,HG01073,PUR,AMR,female
340,HG01075,PUR,AMR,male
341,HG01077,PUR,AMR,female
342,HG01079,PUR,AMR,male
343,HG01080,PUR,AMR,female
344,HG01082,PUR,AMR,male
345,HG01083,PUR,AMR,female
346,HG01085,PUR,AMR,male
347,HG01086,PUR,AMR,female
348,HG01088,PUR,AMR,male
349,HG01089,PUR,AMR,female
350,HG01092,PUR,AMR,female
351,HG01094,PUR,AMR,male
352,HG01095,PUR,AMR,female
353,HG01097,PUR,AMR,male
354,HG01098,PUR,AMR,female
355,HG01101,PUR,AMR,male
356,HG01102,PUR,AMR,female
357,HG01104,PUR,AMR,male
358,HG01105,PUR,AMR,female
359,HG01107,PUR,AMR,male
360,HG01108,PUR,AMR,female
361,HG01110,PUR,AMR,male
362,HG01111,PUR,AMR,female
363,HG01112,CLM,AMR,male
364,HG01113,CLM,AMR,female
365,HG01119,CLM,AMR,female
366,HG01121,CLM,AMR,male
367,HG01122,CLM,AMR,female
368,HG01124,CLM,AMR,male
369,HG01125,CLM,AMR,female
370,HG01130,CLM,AMR,male
371,HG01131,CLM,AMR,female
372,HG01133,CLM,AMR,male
373,HG01134,CLM,AMR,female
374,HG01136,CLM,AMR,male
375,HG01137,CLM,AMR,female
376,HG01139,CLM,AMR,male
377,HG01140,CLM,AMR,female
378,HG01142,CLM,AMR,male
379,HG01148,CLM,AMR,male
380,HG01149,CLM,AMR,female
381,HG01161,PUR,AMR,male
382,HG01162,PUR,AMR,female
383,HG01164,PUR,AMR,male
384,HG01167,PUR,AMR,male
385,HG01168,PUR,AMR,female
386,HG01170,PUR,AMR,male
387,HG01171,PUR,AMR,female
388,HG01173,PUR,AMR,male
389,HG01174,PUR,AMR,female
390,HG01176,PUR,AMR,male
391,HG01177,PUR,AMR,female
392,HG01182,PUR,AMR,male
393,HG01183,PUR,AMR,female
394,HG01187,PUR,AMR,male
395,HG01188,PUR,AMR,female
396,HG01190,PUR,AMR,male
397,HG01191,PUR,AMR,female
398,HG01197,PUR,AMR,male
399,HG01198,PUR,AMR,female
400,HG01200,PUR,AMR,male
401,HG01204,PUR,AMR,male
402,HG01205,PUR,AMR,female
403,HG01241,PUR,AMR,male
404,HG01242,PUR,AMR,female
405,HG01247,PUR,AMR,male
406,HG01248,PUR,AMR,female
407,HG01250,CLM,AMR,male
408,HG01251,CLM,AMR,female
409,HG01253,CLM,AMR,male
410,HG01254,CLM,AMR,female
411,HG01256,CLM,AMR,male
412,HG01257,CLM,AMR,female
413,HG01259,CLM,AMR,male
414,HG01260,CLM,AMR,female
415,HG01269,CLM,AMR,female
416,HG01271,CLM,AMR,male
417,HG01272,CLM,AMR,female
418,HG01275,CLM,AMR,female
419,HG01277,CLM,AMR,male
420,HG01280,CLM,AMR,male
421,HG01281,CLM,AMR,female
422,HG01284,CLM,AMR,female
423,HG01286,PUR,AMR,male
424,HG01302,PUR,AMR,male
425,HG01303,PUR,AMR,female
426,HG01305,PUR,AMR,male
427,HG01308,PUR,AMR,male
428,HG01311,PUR,AMR,male
429,HG01312,PUR,AMR,female
430,HG01323,PUR,AMR,female
431,HG01325,PUR,AMR,male
432,HG01326,PUR,AMR,female
434,HG01341,CLM,AMR,male
435,HG01342,CLM,AMR,female
436,HG01344,CLM,AMR,male
437,HG01345,CLM,AMR,female
438,HG01348,CLM,AMR,female
439,HG01350,CLM,AMR,male
440,HG01351,CLM,AMR,female
441,HG01353,CLM,AMR,male
442,HG01354,CLM,AMR,female
443,HG01356,CLM,AMR,male
444,HG01357,CLM,AMR,female
445,HG01359,CLM,AMR,male
446,HG01360,CLM,AMR,female
447,HG01362,CLM,AMR,male
448,HG01363,CLM,AMR,female
449,HG01365,CLM,AMR,male
450,HG01366,CLM,AMR,female
451,HG01369,CLM,AMR,female
452,HG01372,CLM,AMR,female
453,HG01374,CLM,AMR,male
454,HG01375,CLM,AMR,female
455,HG01377,CLM,AMR,male
456,HG01378,CLM,AMR,female
457,HG01383,CLM,AMR,male
458,HG01384,CLM,AMR,female
459,HG01389,CLM,AMR,male
460,HG01390,CLM,AMR,female
461,HG01392,PUR,AMR,male
462,HG01393,PUR,AMR,female
463,HG01395,PUR,AMR,male
464,HG01396,PUR,AMR,female
465,HG01398,PUR,AMR,male
466,HG01402,PUR,AMR,male
467,HG01403,PUR,AMR,female
468,HG01405,PUR,AMR,male
469,HG01412,PUR,AMR,male
470,HG01413,PUR,AMR,male
471,HG01414,PUR,AMR,female
472,HG01431,CLM,AMR,male
473,HG01432,CLM,AMR,female
474,HG01435,CLM,AMR,female
475,HG01437,CLM,AMR,male
476,HG01438,CLM,AMR,female
477,HG01440,CLM,AMR,male
478,HG01441,CLM,AMR,female
479,HG01443,CLM,AMR,male
480,HG01444,CLM,AMR,female
481,HG01447,CLM,AMR,female
482,HG01455,CLM,AMR,male
483,HG01456,CLM,AMR,female
484,HG01459,CLM,AMR,female
485,HG01461,CLM,AMR,male
486,HG01462,CLM,AMR,female
487,HG01464,CLM,AMR,male
488,HG01465,CLM,AMR,female
489,HG01468,CLM,AMR,female
490,HG01474,CLM,AMR,female
491,HG01479,CLM,AMR,male
492,HG01485,CLM,AMR,male
493,HG01486,CLM,AMR,female
494,HG01488,CLM,AMR,male
495,HG01489,CLM,AMR,female
496,HG01491,CLM,AMR,male
497,HG01492,CLM,AMR,female
498,HG01494,CLM,AMR,male
499,HG01495,CLM,AMR,female
500,HG01497,CLM,AMR,male
501,HG01498,CLM,AMR,female
526,HG01550,CLM,AMR,male
527,HG01551,CLM,AMR,female
528,HG01556,CLM,AMR,male
529,HG01565,PEL,AMR,male
530,HG01566,PEL,AMR,female
531,HG01571,PEL,AMR,male
532,HG01572,PEL,AMR,female
533,HG01577,PEL,AMR,male
534,HG01578,PEL,AMR,female
682,HG01892,PEL,AMR,male
683,HG01893,PEL,AMR,female
689,HG01917,PEL,AMR,male
690,HG01918,PEL,AMR,female
691,HG01920,PEL,AMR,male
692,HG01921,PEL,AMR,female
693,HG01923,PEL,AMR,male
694,HG01924,PEL,AMR,female
695,HG01926,PEL,AMR,male
696,HG01927,PEL,AMR,female
697,HG01932,PEL,AMR,male
698,HG01933,PEL,AMR,female
699,HG01935,PEL,AMR,male
700,HG01936,PEL,AMR,female
701,HG01938,PEL,AMR,male
702,HG01939,PEL,AMR,female
703,HG01941,PEL,AMR,male
704,HG01942,PEL,AMR,female
705,HG01944,PEL,AMR,male
706,HG01945,PEL,AMR,female
707,HG01947,PEL,AMR,male
708,HG01948,PEL,AMR,female
709,HG01950,PEL,AMR,male
710,HG01951,PEL,AMR,female
711,HG01953,PEL,AMR,male
712,HG01954,PEL,AMR,female
715,HG01961,PEL,AMR,male
716,HG01965,PEL,AMR,female
717,HG01967,PEL,AMR,male
718,HG01968,PEL,AMR,female
719,HG01970,PEL,AMR,male
720,HG01971,PEL,AMR,female
721,HG01973,PEL,AMR,female
722,HG01974,PEL,AMR,male
723,HG01976,PEL,AMR,female
724,HG01977,PEL,AMR,male
725,HG01979,PEL,AMR,male
726,HG01980,PEL,AMR,female
727,HG01982,PEL,AMR,male
733,HG01991,PEL,AMR,male
734,HG01992,PEL,AMR,female
735,HG01997,PEL,AMR,female
736,HG02002,PEL,AMR,male
737,HG02003,PEL,AMR,female
738,HG02006,PEL,AMR,female
739,HG02008,PEL,AMR,male
787,HG02089,PEL,AMR,female
788,HG02090,PEL,AMR,male
790,HG02102,PEL,AMR,female
791,HG02104,PEL,AMR,male
792,HG02105,PEL,AMR,female
815,HG02146,PEL,AMR,male
816,HG02147,PEL,AMR,female
817,HG02150,PEL,AMR,male
853,HG02252,PEL,AMR,female
854,HG02253,PEL,AMR,male
857,HG02259,PEL,AMR,male
858,HG02260,PEL,AMR,female
859,HG02262,PEL,AMR,male
860,HG02265,PEL,AMR,male
861,HG02266,PEL,AMR,female
862,HG02271,PEL,AMR,male
863,HG02272,PEL,AMR,female
864,HG02274,PEL,AMR,male
865,HG02275,PEL,AMR,female
866,HG02277,PEL,AMR,male
867,HG02278,PEL,AMR,female
872,HG02285,PEL,AMR,male
873,HG02286,PEL,AMR,female
874,HG02291,PEL,AMR,male
875,HG02292,PEL,AMR,female
876,HG02298,PEL,AMR,female
877,HG02299,PEL,AMR,male
878,HG02301,PEL,AMR,female
879,HG02304,PEL,AMR,male
883,HG02312,PEL,AMR,female
897,HG02345,PEL,AMR,female
898,HG02348,PEL,AMR,female
936,HG02425,PEL,AMR,female
2171,NA19648,MXL,AMR,female
2172,NA19649,MXL,AMR,male
2173,NA19651,MXL,AMR,female
2174,NA19652,MXL,AMR,male
2175,NA19654,MXL,AMR,female
2176,NA19655,MXL,AMR,male
2177,NA19657,MXL,AMR,female
2178,NA19658,MXL,AMR,male
2179,NA19661,MXL,AMR,male
2180,NA19663,MXL,AMR,female
2181,NA19664,MXL,AMR,male
2182,NA19669,MXL,AMR,female
2183,NA19670,MXL,AMR,male
2184,NA19676,MXL,AMR,male
2185,NA19678,MXL,AMR,female
2186,NA19679,MXL,AMR,male
2187,NA19681,MXL,AMR,female
2188,NA19682,MXL,AMR,male
2189,NA19684,MXL,AMR,female
2198,NA19716,MXL,AMR,female
2199,NA19717,MXL,AMR,male
2200,NA19719,MXL,AMR,female
2201,NA19720,MXL,AMR,male
2202,NA19722,MXL,AMR,female
2203,NA19723,MXL,AMR,male
2204,NA19725,MXL,AMR,female
2205,NA19726,MXL,AMR,male
2206,NA19728,MXL,AMR,female
2207,NA19729,MXL,AMR,male
2208,NA19731,MXL,AMR,female
2209,NA19732,MXL,AMR,male
2210,NA19734,MXL,AMR,female
2211,NA19735,MXL,AMR,male
2212,NA19740,MXL,AMR,female
2213,NA19741,MXL,AMR,male
2214,NA19746,MXL,AMR,female
2215,NA19747,MXL,AMR,male
2216,NA19749,MXL,AMR,female
2217,NA19750,MXL,AMR,male
2218,NA19752,MXL,AMR,female
2219,NA19755,MXL,AMR,female
2220,NA19756,MXL,AMR,male
2221,NA19758,MXL,AMR,female
2222,NA19759,MXL,AMR,male
2223,NA19761,MXL,AMR,female
2224,NA19762,MXL,AMR,male
2225,NA19764,MXL,AMR,female
2226,NA19770,MXL,AMR,female
2227,NA19771,MXL,AMR,male
2228,NA19773,MXL,AMR,female
2229,NA19774,MXL,AMR,male
2230,NA19776,MXL,AMR,female
2231,NA19777,MXL,AMR,male
2232,NA19779,MXL,AMR,female
2233,NA19780,MXL,AMR,male
2234,NA19782,MXL,AMR,female
2235,NA19783,MXL,AMR,male
2236,NA19785,MXL,AMR,female
2237,NA19786,MXL,AMR,male
2238,NA19788,MXL,AMR,female
2239,NA19789,MXL,AMR,male
2240,NA19792,MXL,AMR,male
2241,NA19794,MXL,AMR,female
2242,NA19795,MXL,AMR,male
1,HG00096,GBR,EUR,male
2,HG00097,GBR,EUR,female
3,HG00099,GBR,EUR,female
4,HG00100,GBR,EUR,female
5,HG00101,GBR,EUR,male
6,HG00102,GBR,EUR,female
7,HG00103,GBR,EUR,male
8,HG00105,GBR,EUR,male
9,HG00106,GBR,EUR,female
10,HG00107,GBR,EUR,male
11,HG00108,GBR,EUR,male
12,HG00109,GBR,EUR,male
13,HG00110,GBR,EUR,female
14,HG00111,GBR,EUR,female
15,HG00112,GBR,EUR,male
16,HG00113,GBR,EUR,male
17,HG00114,GBR,EUR,male
18,HG00115,GBR,EUR,male
19,HG00116,GBR,EUR,male
20,HG00117,GBR,EUR,male
21,HG00118,GBR,EUR,female
22,HG00119,GBR,EUR,male
23,HG00120,GBR,EUR,female
24,HG00121,GBR,EUR,female
25,HG00122,GBR,EUR,female
26,HG00123,GBR,EUR,female
27,HG00125,GBR,EUR,female
28,HG00126,GBR,EUR,male
29,HG00127,GBR,EUR,female
30,HG00128,GBR,EUR,female
31,HG00129,GBR,EUR,male
32,HG00130,GBR,EUR,female
33,HG00131,GBR,EUR,male
34,HG00132,GBR,EUR,female
35,HG00133,GBR,EUR,female
36,HG00136,GBR,EUR,male
37,HG00137,GBR,EUR,female
38,HG00138,GBR,EUR,male
39,HG00139,GBR,EUR,male
40,HG00140,GBR,EUR,male
41,HG00141,GBR,EUR,male
42,HG00142,GBR,EUR,male
43,HG00143,GBR,EUR,male
44,HG00145,GBR,EUR,male
45,HG00146,GBR,EUR,female
46,HG00148,GBR,EUR,male
47,HG00149,GBR,EUR,male
48,HG00150,GBR,EUR,female
49,HG00151,GBR,EUR,male
50,HG00154,GBR,EUR,female
51,HG00155,GBR,EUR,male
52,HG00157,GBR,EUR,male
53,HG00158,GBR,EUR,female
54,HG00159,GBR,EUR,male
55,HG00160,GBR,EUR,male
56,HG00171,FIN,EUR,female
57,HG00173,FIN,EUR,female
58,HG00174,FIN,EUR,female
59,HG00176,FIN,EUR,female
60,HG00177,FIN,EUR,female
61,HG00178,FIN,EUR,female
62,HG00179,FIN,EUR,female
63,HG00180,FIN,EUR,female
64,HG00181,FIN,EUR,male
65,HG00182,FIN,EUR,male
66,HG00183,FIN,EUR,male
67,HG00185,FIN,EUR,male
68,HG00186,FIN,EUR,male
69,HG00187,FIN,EUR,male
70,HG00188,FIN,EUR,male
71,HG00189,FIN,EUR,male
72,HG00190,FIN,EUR,male
73,HG00231,GBR,EUR,female
74,HG00232,GBR,EUR,female
75,HG00233,GBR,EUR,female
76,HG00234,GBR,EUR,male
77,HG00235,GBR,EUR,female
78,HG00236,GBR,EUR,female
79,HG00237,GBR,EUR,female
80,HG00238,GBR,EUR,female
81,HG00239,GBR,EUR,female
82,HG00240,GBR,EUR,female
83,HG00242,GBR,EUR,male
84,HG00243,GBR,EUR,male
85,HG00244,GBR,EUR,male
86,HG00245,GBR,EUR,female
87,HG00246,GBR,EUR,male
88,HG00250,GBR,EUR,female
89,HG00251,GBR,EUR,male
90,HG00252,GBR,EUR,male
91,HG00253,GBR,EUR,female
92,HG00254,GBR,EUR,female
93,HG00255,GBR,EUR,female
94,HG00256,GBR,EUR,male
95,HG00257,GBR,EUR,female
96,HG00258,GBR,EUR,female
97,HG00259,GBR,EUR,female
98,HG00260,GBR,EUR,male
99,HG00261,GBR,EUR,female
100,HG00262,GBR,EUR,female
101,HG00263,GBR,EUR,female
102,HG00264,GBR,EUR,male
103,HG00265,GBR,EUR,male
104,HG00266,FIN,EUR,female
105,HG00267,FIN,EUR,male
106,HG00268,FIN,EUR,female
107,HG00269,FIN,EUR,female
108,HG00271,FIN,EUR,male
109,HG00272,FIN,EUR,female
110,HG00273,FIN,EUR,male
111,HG00274,FIN,EUR,female
112,HG00275,FIN,EUR,female
113,HG00276,FIN,EUR,female
114,HG00277,FIN,EUR,male
115,HG00278,FIN,EUR,male
116,HG00280,FIN,EUR,male
117,HG00281,FIN,EUR,female
118,HG00282,FIN,EUR,female
119,HG00284,FIN,EUR,male
120,HG00285,FIN,EUR,female
121,HG00288,FIN,EUR,female
122,HG00290,FIN,EUR,male
123,HG00304,FIN,EUR,female
124,HG00306,FIN,EUR,female
125,HG00308,FIN,EUR,male
126,HG00309,FIN,EUR,female
127,HG00310,FIN,EUR,male
128,HG00311,FIN,EUR,male
129,HG00313,FIN,EUR,female
130,HG00315,FIN,EUR,female
131,HG00318,FIN,EUR,female
132,HG00319,FIN,EUR,female
133,HG00320,FIN,EUR,female
134,HG00321,FIN,EUR,male
135,HG00323,FIN,EUR,female
136,HG00324,FIN,EUR,female
137,HG00325,FIN,EUR,male
138,HG00326,FIN,EUR,female
139,HG00327,FIN,EUR,female
140,HG00328,FIN,EUR,female
141,HG00329,FIN,EUR,male
142,HG00330,FIN,EUR,female
143,HG00331,FIN,EUR,female
144,HG00332,FIN,EUR,female
145,HG00334,FIN,EUR,female
146,HG00335,FIN,EUR,male
147,HG00336,FIN,EUR,male
148,HG00337,FIN,EUR,female
149,HG00338,FIN,EUR,male
150,HG00339,FIN,EUR,female
151,HG00341,FIN,EUR,male
152,HG00342,FIN,EUR,male
153,HG00343,FIN,EUR,female
154,HG00344,FIN,EUR,female
155,HG00345,FIN,EUR,male
156,HG00346,FIN,EUR,female
157,HG00349,FIN,EUR,female
158,HG00350,FIN,EUR,female
159,HG00351,FIN,EUR,male
160,HG00353,FIN,EUR,female
161,HG00355,FIN,EUR,female
162,HG00356,FIN,EUR,female
163,HG00357,FIN,EUR,female
164,HG00358,FIN,EUR,male
165,HG00360,FIN,EUR,male
166,HG00361,FIN,EUR,female
167,HG00362,FIN,EUR,female
168,HG00364,FIN,EUR,female
169,HG00365,FIN,EUR,female
170,HG00366,FIN,EUR,male
171,HG00367,FIN,EUR,female
172,HG00368,FIN,EUR,female
173,HG00369,FIN,EUR,male
174,HG00371,FIN,EUR,male
175,HG00372,FIN,EUR,male
176,HG00373,FIN,EUR,female
177,HG00375,FIN,EUR,male
178,HG00376,FIN,EUR,female
179,HG00378,FIN,EUR,female
180,HG00379,FIN,EUR,female
181,HG00380,FIN,EUR,female
182,HG00381,FIN,EUR,female
183,HG00382,FIN,EUR,male
184,HG00383,FIN,EUR,female
185,HG00384,FIN,EUR,female
433,HG01334,GBR,EUR,male
502,HG01500,IBS,EUR,male
503,HG01501,IBS,EUR,female
504,HG01503,IBS,EUR,male
505,HG01504,IBS,EUR,female
506,HG01506,IBS,EUR,male
507,HG01507,IBS,EUR,female
508,HG01509,IBS,EUR,male
509,HG01510,IBS,EUR,female
510,HG01512,IBS,EUR,male
511,HG01513,IBS,EUR,female
512,HG01515,IBS,EUR,male
513,HG01516,IBS,EUR,female
514,HG01518,IBS,EUR,male
515,HG01519,IBS,EUR,female
516,HG01521,IBS,EUR,male
517,HG01522,IBS,EUR,female
518,HG01524,IBS,EUR,male
519,HG01525,IBS,EUR,female
520,HG01527,IBS,EUR,male
521,HG01528,IBS,EUR,female
522,HG01530,IBS,EUR,male
523,HG01531,IBS,EUR,female
524,HG01536,IBS,EUR,male
525,HG01537,IBS,EUR,female
545,HG01602,IBS,EUR,female
546,HG01603,IBS,EUR,male
547,HG01605,IBS,EUR,female
548,HG01606,IBS,EUR,male
549,HG01607,IBS,EUR,female
550,HG01608,IBS,EUR,male
551,HG01610,IBS,EUR,male
552,HG01612,IBS,EUR,female
553,HG01613,IBS,EUR,female
554,HG01615,IBS,EUR,male
555,HG01617,IBS,EUR,male
556,HG01618,IBS,EUR,female
557,HG01619,IBS,EUR,male
558,HG01620,IBS,EUR,female
559,HG01623,IBS,EUR,female
560,HG01624,IBS,EUR,male
561,HG01625,IBS,EUR,male
562,HG01626,IBS,EUR,female
563,HG01628,IBS,EUR,female
564,HG01630,IBS,EUR,male
565,HG01631,IBS,EUR,male
566,HG01632,IBS,EUR,female
567,HG01668,IBS,EUR,female
568,HG01669,IBS,EUR,male
569,HG01670,IBS,EUR,female
570,HG01672,IBS,EUR,male
571,HG01673,IBS,EUR,female
572,HG01675,IBS,EUR,male
573,HG01676,IBS,EUR,female
574,HG01678,IBS,EUR,male
575,HG01679,IBS,EUR,female
576,HG01680,IBS,EUR,male
577,HG01682,IBS,EUR,male
578,HG01684,IBS,EUR,female
579,HG01685,IBS,EUR,female
580,HG01686,IBS,EUR,male
581,HG01694,IBS,EUR,male
582,HG01695,IBS,EUR,female
583,HG01697,IBS,EUR,female
584,HG01699,IBS,EUR,male
585,HG01700,IBS,EUR,male
586,HG01702,IBS,EUR,female
587,HG01704,IBS,EUR,female
588,HG01705,IBS,EUR,male
589,HG01707,IBS,EUR,female
590,HG01708,IBS,EUR,male
591,HG01709,IBS,EUR,male
592,HG01710,IBS,EUR,female
593,HG01746,IBS,EUR,female
594,HG01747,IBS,EUR,male
595,HG01756,IBS,EUR,male
596,HG01757,IBS,EUR,female
597,HG01761,IBS,EUR,male
598,HG01762,IBS,EUR,female
599,HG01765,IBS,EUR,male
600,HG01766,IBS,EUR,female
601,HG01767,IBS,EUR,male
602,HG01768,IBS,EUR,female
603,HG01770,IBS,EUR,female
604,HG01771,IBS,EUR,male
605,HG01773,IBS,EUR,female
606,HG01775,IBS,EUR,male
607,HG01776,IBS,EUR,female
608,HG01777,IBS,EUR,male
609,HG01779,IBS,EUR,female
610,HG01781,IBS,EUR,male
611,HG01783,IBS,EUR,male
612,HG01784,IBS,EUR,female
613,HG01785,IBS,EUR,male
614,HG01786,IBS,EUR,female
615,HG01789,GBR,EUR,male
616,HG01790,GBR,EUR,female
617,HG01791,GBR,EUR,male
838,HG02215,GBR,EUR,female
839,HG02219,IBS,EUR,male
840,HG02220,IBS,EUR,female
841,HG02221,IBS,EUR,male
842,HG02223,IBS,EUR,female
843,HG02224,IBS,EUR,male
844,HG02230,IBS,EUR,female
845,HG02231,IBS,EUR,male
846,HG02232,IBS,EUR,female
847,HG02233,IBS,EUR,male
848,HG02235,IBS,EUR,female
849,HG02236,IBS,EUR,male
850,HG02238,IBS,EUR,male
851,HG02239,IBS,EUR,female
1657,NA06984,CEU,EUR,male
1658,NA06985,CEU,EUR,female
1659,NA06986,CEU,EUR,male
1660,NA06989,CEU,EUR,female
1661,NA06994,CEU,EUR,male
1662,NA07000,CEU,EUR,female
1663,NA07037,CEU,EUR,female
1664,NA07048,CEU,EUR,male
1665,NA07051,CEU,EUR,male
1666,NA07056,CEU,EUR,female
1667,NA07347,CEU,EUR,male
1668,NA07357,CEU,EUR,male
1669,NA10847,CEU,EUR,female
1670,NA10851,CEU,EUR,male
1671,NA11829,CEU,EUR,male
1672,NA11830,CEU,EUR,female
1673,NA11831,CEU,EUR,male
1674,NA11832,CEU,EUR,female
1675,NA11840,CEU,EUR,female
1676,NA11843,CEU,EUR,male
1677,NA11881,CEU,EUR,male
1678,NA11892,CEU,EUR,female
1679,NA11893,CEU,EUR,male
1680,NA11894,CEU,EUR,female
1681,NA11918,CEU,EUR,female
1682,NA11919,CEU,EUR,male
1683,NA11920,CEU,EUR,female
1684,NA11930,CEU,EUR,male
1685,NA11931,CEU,EUR,female
1686,NA11932,CEU,EUR,male
1687,NA11933,CEU,EUR,female
1688,NA11992,CEU,EUR,male
1689,NA11994,CEU,EUR,male
1690,NA11995,CEU,EUR,female
1691,NA12003,CEU,EUR,male
1692,NA12004,CEU,EUR,female
1693,NA12005,CEU,EUR,male
1694,NA12006,CEU,EUR,female
1695,NA12043,CEU,EUR,male
1696,NA12044,CEU,EUR,female
1697,NA12045,CEU,EUR,male
1698,NA12046,CEU,EUR,female
1699,NA12058,CEU,EUR,female
1700,NA12144,CEU,EUR,male
1701,NA12154,CEU,EUR,male
1702,NA12155,CEU,EUR,male
1703,NA12156,CEU,EUR,female
1704,NA12234,CEU,EUR,female
1705,NA12249,CEU,EUR,female
1706,NA12272,CEU,EUR,male
1707,NA12273,CEU,EUR,female
1708,NA12275,CEU,EUR,female
1709,NA12282,CEU,EUR,male
1710,NA12283,CEU,EUR,female
1711,NA12286,CEU,EUR,male
1712,NA12287,CEU,EUR,female
1713,NA12340,CEU,EUR,male
1714,NA12341,CEU,EUR,female
1715,NA12342,CEU,EUR,male
1716,NA12347,CEU,EUR,male
1717,NA12348,CEU,EUR,female
1718,NA12383,CEU,EUR,female
1719,NA12399,CEU,EUR,male
1720,NA12400,CEU,EUR,female
1721,NA12413,CEU,EUR,male
1722,NA12414,CEU,EUR,female
1723,NA12489,CEU,EUR,female
1724,NA12546,CEU,EUR,male
1725,NA12716,CEU,EUR,male
1726,NA12717,CEU,EUR,female
1727,NA12718,CEU,EUR,female
1728,NA12748,CEU,EUR,male
1729,NA12749,CEU,EUR,female
1730,NA12750,CEU,EUR,male
1731,NA12751,CEU,EUR,female
1732,NA12760,CEU,EUR,male
1733,NA12761,CEU,EUR,female
1734,NA12762,CEU,EUR,male
1735,NA12763,CEU,EUR,female
1736,NA12775,CEU,EUR,male
1737,NA12776,CEU,EUR,female
1738,NA12777,CEU,EUR,male
1739,NA12778,CEU,EUR,female
1740,NA12812,CEU,EUR,male
1741,NA12813,CEU,EUR,female
1742,NA12814,CEU,EUR,male
1743,NA12815,CEU,EUR,female
1744,NA12827,CEU,EUR,male
1745,NA12828,CEU,EUR,female
1746,NA12829,CEU,EUR,male
1747,NA12830,CEU,EUR,female
1748,NA12842,CEU,EUR,male
1749,NA12843,CEU,EUR,female
1750,NA12872,CEU,EUR,male
1751,NA12873,CEU,EUR,female
1752,NA12874,CEU,EUR,male
1753,NA12878,CEU,EUR,female
1754,NA12889,CEU,EUR,male
1755,NA12890,CEU,EUR,female
2295,NA20502,TSI,EUR,female
2296,NA20503,TSI,EUR,female
2297,NA20504,TSI,EUR,female
2298,NA20505,TSI,EUR,female
2299,NA20506,TSI,EUR,female
2300,NA20507,TSI,EUR,female
2301,NA20508,TSI,EUR,female
2302,NA20509,TSI,EUR,male
2303,NA20510,TSI,EUR,male
2304,NA20511,TSI,EUR,male
2305,NA20512,TSI,EUR,male
2306,NA20513,TSI,EUR,male
2307,NA20514,TSI,EUR,female
2308,NA20515,TSI,EUR,male
2309,NA20516,TSI,EUR,male
2310,NA20517,TSI,EUR,female
2311,NA20518,TSI,EUR,male
2312,NA20519,TSI,EUR,male
2313,NA20520,TSI,EUR,male
2314,NA20521,TSI,EUR,male
2315,NA20522,TSI,EUR,female
2316,NA20524,TSI,EUR,male
2317,NA20525,TSI,EUR,male
2318,NA20527,TSI,EUR,male
2319,NA20528,TSI,EUR,male
2320,NA20529,TSI,EUR,female
2321,NA20530,TSI,EUR,female
2322,NA20531,TSI,EUR,female
2323,NA20532,TSI,EUR,male
2324,NA20533,TSI,EUR,female
2325,NA20534,TSI,EUR,male
2326,NA20535,TSI,EUR,female
2327,NA20536,TSI,EUR,male
2328,NA20538,TSI,EUR,male
2329,NA20539,TSI,EUR,male
2330,NA20540,TSI,EUR,female
2331,NA20541,TSI,EUR,female
2332,NA20542,TSI,EUR,female
2333,NA20543,TSI,EUR,male
2334,NA20544,TSI,EUR,male
2335,NA20581,TSI,EUR,male
2336,NA20582,TSI,EUR,female
2337,NA20585,TSI,EUR,female
2338,NA20586,TSI,EUR,male
2339,NA20587,TSI,EUR,female
2340,NA20588,TSI,EUR,male
2341,NA20589,TSI,EUR,female
2342,NA20752,TSI,EUR,male
2343,NA20753,TSI,EUR,female
2344,NA20754,TSI,EUR,male
2345,NA20755,TSI,EUR,male
2346,NA20756,TSI,EUR,female
2347,NA20757,TSI,EUR,female
2348,NA20758,TSI,EUR,male
2349,NA20759,TSI,EUR,male
2350,NA20760,TSI,EUR,female
2351,NA20761,TSI,EUR,female
2352,NA20762,TSI,EUR,male
2353,NA20763,TSI,EUR,male
2354,NA20764,TSI,EUR,female
2355,NA20765,TSI,EUR,male
2356,NA20766,TSI,EUR,female
2357,NA20767,TSI,EUR,male
2358,NA20768,TSI,EUR,female
2359,NA20769,TSI,EUR,female
2360,NA20770,TSI,EUR,male
2361,NA20771,TSI,EUR,female
2362,NA20772,TSI,EUR,female
2363,NA20773,TSI,EUR,female
2364,NA20774,TSI,EUR,female
2365,NA20775,TSI,EUR,female
2366,NA20778,TSI,EUR,male
2367,NA20783,TSI,EUR,male
2368,NA20785,TSI,EUR,male
2369,NA20786,TSI,EUR,female
2370,NA20787,TSI,EUR,male
2371,NA20790,TSI,EUR,female
2372,NA20792,TSI,EUR,male
2373,NA20795,TSI,EUR,female
2374,NA20796,TSI,EUR,male
2375,NA20797,TSI,EUR,female
2376,NA20798,TSI,EUR,male
2377,NA20799,TSI,EUR,female
2378,NA20800,TSI,EUR,female
2379,NA20801,TSI,EUR,male
2380,NA20802,TSI,EUR,female
2381,NA20803,TSI,EUR,male
2382,NA20804,TSI,EUR,female
2383,NA20805,TSI,EUR,male
2384,NA20806,TSI,EUR,male
2385,NA20807,TSI,EUR,female
2386,NA20808,TSI,EUR,female
2387,NA20809,TSI,EUR,male
2388,NA20810,TSI,EUR,male
2389,NA20811,TSI,EUR,male
2390,NA20812,TSI,EUR,male
2391,NA20813,TSI,EUR,female
2392,NA20814,TSI,EUR,male
2393,NA20815,TSI,EUR,male
2394,NA20818,TSI,EUR,female
2395,NA20819,TSI,EUR,female
2396,NA20821,TSI,EUR,female
2397,NA20822,TSI,EUR,female
2398,NA20826,TSI,EUR,female
2399,NA20827,TSI,EUR,male
2400,NA20828,TSI,EUR,female
2401,NA20832,TSI,EUR,female
ï..sample,pop,super,X_pop.......gender,
535,HG01583,PJL,SAS,male
536,HG01586,PJL,SAS,male
537,HG01589,PJL,SAS,male
538,HG01593,PJL,SAS,female
959,HG02490,PJL,SAS,male
960,HG02491,PJL,SAS,female
961,HG02493,PJL,SAS,male
962,HG02494,PJL,SAS,female
1001,HG02597,PJL,SAS,male
1002,HG02600,PJL,SAS,male
1003,HG02601,PJL,SAS,female
1004,HG02603,PJL,SAS,male
1005,HG02604,PJL,SAS,female
1022,HG02648,PJL,SAS,male
1023,HG02649,PJL,SAS,female
1024,HG02651,PJL,SAS,male
1025,HG02652,PJL,SAS,female
1026,HG02654,PJL,SAS,male
1027,HG02655,PJL,SAS,female
1028,HG02657,PJL,SAS,male
1029,HG02658,PJL,SAS,female
1030,HG02660,PJL,SAS,male
1031,HG02661,PJL,SAS,female
1038,HG02681,PJL,SAS,male
1039,HG02682,PJL,SAS,female
1040,HG02684,PJL,SAS,male
1041,HG02685,PJL,SAS,female
1042,HG02687,PJL,SAS,male
1043,HG02688,PJL,SAS,female
1044,HG02690,PJL,SAS,male
1045,HG02691,PJL,SAS,female
1046,HG02694,PJL,SAS,female
1047,HG02696,PJL,SAS,male
1048,HG02697,PJL,SAS,female
1049,HG02699,PJL,SAS,male
1050,HG02700,PJL,SAS,female
1057,HG02724,PJL,SAS,male
1058,HG02725,PJL,SAS,female
1059,HG02727,PJL,SAS,male
1060,HG02728,PJL,SAS,female
1061,HG02731,PJL,SAS,female
1062,HG02733,PJL,SAS,male
1063,HG02734,PJL,SAS,female
1064,HG02736,PJL,SAS,male
1065,HG02737,PJL,SAS,female
1075,HG02774,PJL,SAS,male
1076,HG02775,PJL,SAS,female
1077,HG02778,PJL,SAS,female
1078,HG02780,PJL,SAS,male
1079,HG02783,PJL,SAS,male
1080,HG02784,PJL,SAS,female
1081,HG02786,PJL,SAS,male
1082,HG02787,PJL,SAS,female
1083,HG02789,PJL,SAS,male
1084,HG02790,PJL,SAS,female
1085,HG02792,PJL,SAS,male
1086,HG02793,PJL,SAS,female
1145,HG03006,BEB,SAS,male
1146,HG03007,BEB,SAS,female
1147,HG03009,BEB,SAS,male
1148,HG03012,BEB,SAS,male
1149,HG03015,PJL,SAS,male
1150,HG03016,PJL,SAS,female
1151,HG03018,PJL,SAS,male
1152,HG03019,PJL,SAS,female
1153,HG03021,PJL,SAS,male
1154,HG03022,PJL,SAS,female
1239,HG03228,PJL,SAS,male
1240,HG03229,PJL,SAS,female
1241,HG03234,PJL,SAS,male
1242,HG03235,PJL,SAS,female
1243,HG03237,PJL,SAS,male
1244,HG03238,PJL,SAS,female
1319,HG03488,PJL,SAS,female
1320,HG03490,PJL,SAS,male
1321,HG03491,PJL,SAS,female
1347,HG03585,BEB,SAS,male
1348,HG03589,BEB,SAS,female
1349,HG03593,BEB,SAS,male
1350,HG03594,BEB,SAS,male
1351,HG03595,BEB,SAS,female
1352,HG03598,BEB,SAS,female
1353,HG03600,BEB,SAS,male
1354,HG03603,BEB,SAS,male
1355,HG03604,BEB,SAS,female
1356,HG03607,BEB,SAS,female
1357,HG03611,BEB,SAS,female
1358,HG03615,BEB,SAS,male
1359,HG03616,BEB,SAS,female
1360,HG03619,PJL,SAS,female
1361,HG03624,PJL,SAS,male
1362,HG03625,PJL,SAS,female
1363,HG03629,PJL,SAS,male
1364,HG03631,PJL,SAS,female
1365,HG03634,PJL,SAS,female
1366,HG03636,PJL,SAS,male
1367,HG03640,PJL,SAS,female
1368,HG03642,STU,SAS,female
1369,HG03643,STU,SAS,female
1370,HG03644,STU,SAS,male
1371,HG03645,STU,SAS,female
1372,HG03646,STU,SAS,male
1373,HG03649,PJL,SAS,male
1374,HG03652,PJL,SAS,male
1375,HG03653,PJL,SAS,female
1376,HG03660,PJL,SAS,male
1377,HG03663,PJL,SAS,male
1378,HG03667,PJL,SAS,male
1379,HG03668,PJL,SAS,female
1380,HG03672,STU,SAS,male
1381,HG03673,STU,SAS,female
1382,HG03679,STU,SAS,male
1383,HG03680,STU,SAS,male
1384,HG03681,STU,SAS,male
1385,HG03684,STU,SAS,female
1386,HG03685,STU,SAS,male
1387,HG03686,STU,SAS,male
1388,HG03687,STU,SAS,male
1389,HG03689,STU,SAS,female
1390,HG03690,STU,SAS,female
1391,HG03691,STU,SAS,male
1392,HG03692,STU,SAS,female
1393,HG03693,STU,SAS,male
1394,HG03694,STU,SAS,male
1395,HG03695,STU,SAS,male
1396,HG03696,STU,SAS,male
1397,HG03697,STU,SAS,male
1398,HG03698,STU,SAS,female
1399,HG03702,PJL,SAS,male
1400,HG03703,PJL,SAS,female
1401,HG03705,PJL,SAS,male
1402,HG03706,PJL,SAS,female
1403,HG03708,PJL,SAS,male
1404,HG03709,PJL,SAS,female
1405,HG03711,STU,SAS,male
1406,HG03713,ITU,SAS,male
1407,HG03714,ITU,SAS,female
1408,HG03716,ITU,SAS,male
1409,HG03717,ITU,SAS,female
1410,HG03718,ITU,SAS,male
1411,HG03720,ITU,SAS,male
1412,HG03722,ITU,SAS,female
1413,HG03727,ITU,SAS,male
1414,HG03729,ITU,SAS,male
1415,HG03730,ITU,SAS,female
1416,HG03731,ITU,SAS,female
1417,HG03733,STU,SAS,female
1418,HG03736,STU,SAS,female
1419,HG03738,STU,SAS,male
1420,HG03740,STU,SAS,male
1421,HG03741,STU,SAS,female
1422,HG03742,ITU,SAS,male
1423,HG03743,STU,SAS,male
1424,HG03744,STU,SAS,male
1425,HG03745,STU,SAS,male
1426,HG03746,STU,SAS,male
1427,HG03750,STU,SAS,male
1428,HG03752,STU,SAS,female
1429,HG03753,STU,SAS,male
1430,HG03754,STU,SAS,female
1431,HG03755,STU,SAS,male
1432,HG03756,STU,SAS,female
1433,HG03757,STU,SAS,female
1434,HG03760,STU,SAS,female
1435,HG03762,PJL,SAS,female
1436,HG03765,PJL,SAS,female
1437,HG03767,PJL,SAS,male
1438,HG03770,ITU,SAS,female
1439,HG03771,ITU,SAS,male
1440,HG03772,ITU,SAS,female
1441,HG03773,ITU,SAS,male
1442,HG03774,ITU,SAS,female
1443,HG03775,ITU,SAS,male
1444,HG03777,ITU,SAS,male
1445,HG03778,ITU,SAS,male
1446,HG03779,ITU,SAS,male
1447,HG03780,ITU,SAS,female
1448,HG03781,ITU,SAS,female
1449,HG03782,ITU,SAS,female
1450,HG03784,ITU,SAS,female
1451,HG03785,ITU,SAS,male
1452,HG03786,ITU,SAS,male
1453,HG03787,ITU,SAS,female
1454,HG03788,ITU,SAS,male
1455,HG03789,ITU,SAS,female
1456,HG03790,ITU,SAS,male
1457,HG03792,ITU,SAS,male
1458,HG03793,BEB,SAS,female
1459,HG03796,BEB,SAS,female
1460,HG03800,BEB,SAS,male
1461,HG03802,BEB,SAS,female
1462,HG03803,BEB,SAS,male
1463,HG03805,BEB,SAS,female
1464,HG03808,BEB,SAS,female
1465,HG03809,BEB,SAS,male
1466,HG03812,BEB,SAS,male
1467,HG03814,BEB,SAS,female
1468,HG03815,BEB,SAS,male
1469,HG03817,BEB,SAS,female
1470,HG03821,BEB,SAS,male
1471,HG03823,BEB,SAS,female
1472,HG03824,BEB,SAS,male
1473,HG03826,BEB,SAS,female
1474,HG03829,BEB,SAS,female
1475,HG03830,BEB,SAS,male
1476,HG03832,BEB,SAS,female
1477,HG03833,BEB,SAS,male
1478,HG03836,STU,SAS,female
1479,HG03837,STU,SAS,male
1480,HG03838,STU,SAS,female
1481,HG03844,STU,SAS,male
1482,HG03846,STU,SAS,male
1483,HG03848,STU,SAS,male
1484,HG03849,STU,SAS,female
1485,HG03850,STU,SAS,male
1486,HG03851,STU,SAS,male
1487,HG03854,STU,SAS,male
1488,HG03856,STU,SAS,male
1489,HG03857,STU,SAS,female
1490,HG03858,STU,SAS,female
1491,HG03861,ITU,SAS,female
1492,HG03862,ITU,SAS,female
1493,HG03863,ITU,SAS,female
1494,HG03864,ITU,SAS,male
1495,HG03866,ITU,SAS,male
1496,HG03867,ITU,SAS,male
1497,HG03868,ITU,SAS,female
1498,HG03869,ITU,SAS,male
1499,HG03870,ITU,SAS,male
1500,HG03871,ITU,SAS,male
1501,HG03872,ITU,SAS,male
1502,HG03873,ITU,SAS,female
1503,HG03874,ITU,SAS,female
1504,HG03875,ITU,SAS,male
1505,HG03882,ITU,SAS,female
1506,HG03884,STU,SAS,female
1507,HG03885,STU,SAS,male
1508,HG03886,STU,SAS,female
1509,HG03887,STU,SAS,male
1510,HG03888,STU,SAS,female
1511,HG03890,STU,SAS,male
1512,HG03894,STU,SAS,female
1513,HG03895,STU,SAS,female
1514,HG03896,STU,SAS,male
1515,HG03897,STU,SAS,female
1516,HG03898,STU,SAS,female
1517,HG03899,STU,SAS,male
1518,HG03900,STU,SAS,male
1519,HG03902,BEB,SAS,male
1520,HG03905,BEB,SAS,male
1521,HG03907,BEB,SAS,female
1522,HG03908,BEB,SAS,male
1523,HG03910,BEB,SAS,female
1524,HG03911,BEB,SAS,male
1525,HG03913,BEB,SAS,female
1526,HG03914,BEB,SAS,male
1527,HG03916,BEB,SAS,female
1528,HG03917,BEB,SAS,male
1529,HG03919,BEB,SAS,female
1530,HG03920,BEB,SAS,male
1531,HG03922,BEB,SAS,female
1532,HG03925,BEB,SAS,female
1533,HG03926,BEB,SAS,male
1534,HG03928,BEB,SAS,female
1535,HG03931,BEB,SAS,female
1536,HG03934,BEB,SAS,female
1537,HG03937,BEB,SAS,female
1538,HG03940,BEB,SAS,female
1539,HG03941,BEB,SAS,male
1540,HG03943,STU,SAS,male
1541,HG03944,STU,SAS,female
1542,HG03945,STU,SAS,female
1543,HG03947,STU,SAS,female
1544,HG03949,STU,SAS,female
1545,HG03950,STU,SAS,male
1546,HG03951,STU,SAS,female
1547,HG03953,STU,SAS,male
1548,HG03955,STU,SAS,female
1549,HG03960,ITU,SAS,male
1550,HG03963,ITU,SAS,male
1551,HG03965,ITU,SAS,male
1552,HG03967,ITU,SAS,male
1553,HG03968,ITU,SAS,female
1554,HG03969,ITU,SAS,male
1555,HG03971,ITU,SAS,male
1556,HG03973,ITU,SAS,female
1557,HG03974,ITU,SAS,male
1558,HG03976,ITU,SAS,male
1559,HG03977,ITU,SAS,female
1560,HG03978,ITU,SAS,male
1561,HG03985,STU,SAS,male
1562,HG03986,STU,SAS,female
1563,HG03989,STU,SAS,female
1564,HG03990,STU,SAS,male
1565,HG03991,STU,SAS,male
1566,HG03995,STU,SAS,female
1567,HG03998,STU,SAS,male
1568,HG03999,STU,SAS,male
1569,HG04001,ITU,SAS,female
1570,HG04002,ITU,SAS,male
1571,HG04003,STU,SAS,male
1572,HG04006,STU,SAS,male
1573,HG04014,ITU,SAS,female
1574,HG04015,ITU,SAS,male
1575,HG04017,ITU,SAS,male
1576,HG04018,ITU,SAS,female
1577,HG04019,ITU,SAS,male
1578,HG04020,ITU,SAS,male
1579,HG04022,ITU,SAS,male
1580,HG04023,ITU,SAS,male
1581,HG04025,ITU,SAS,female
1582,HG04026,ITU,SAS,female
1583,HG04029,STU,SAS,female
1584,HG04033,STU,SAS,male
1585,HG04035,STU,SAS,female
1586,HG04038,STU,SAS,female
1587,HG04039,STU,SAS,male
1588,HG04042,STU,SAS,female
1589,HG04047,STU,SAS,female
1590,HG04054,ITU,SAS,female
1591,HG04056,ITU,SAS,male
1592,HG04059,ITU,SAS,female
1593,HG04060,ITU,SAS,male
1594,HG04061,ITU,SAS,male
1595,HG04062,ITU,SAS,female
1596,HG04063,ITU,SAS,female
1597,HG04070,ITU,SAS,female
1598,HG04075,STU,SAS,female
1599,HG04076,ITU,SAS,female
1600,HG04080,ITU,SAS,male
1601,HG04090,ITU,SAS,female
1602,HG04093,ITU,SAS,male
1603,HG04094,ITU,SAS,male
1604,HG04096,ITU,SAS,male
1605,HG04098,ITU,SAS,male
1606,HG04099,STU,SAS,female
1607,HG04100,STU,SAS,male
1608,HG04106,STU,SAS,female
1609,HG04107,STU,SAS,male
1610,HG04118,ITU,SAS,female
1611,HG04131,BEB,SAS,male
1612,HG04134,BEB,SAS,male
1613,HG04140,BEB,SAS,male
1614,HG04141,BEB,SAS,female
1615,HG04144,BEB,SAS,female
1616,HG04146,BEB,SAS,male
1617,HG04152,BEB,SAS,male
1618,HG04153,BEB,SAS,female
1619,HG04155,BEB,SAS,male
1620,HG04156,BEB,SAS,female
1621,HG04158,BEB,SAS,male
1622,HG04159,BEB,SAS,female
1623,HG04161,BEB,SAS,male
1624,HG04162,BEB,SAS,female
1625,HG04164,BEB,SAS,male
1626,HG04171,BEB,SAS,female
1627,HG04173,BEB,SAS,male
1628,HG04176,BEB,SAS,male
1629,HG04177,BEB,SAS,female
1630,HG04180,BEB,SAS,female
1631,HG04182,BEB,SAS,male
1632,HG04183,BEB,SAS,female
1633,HG04185,BEB,SAS,male
1634,HG04186,BEB,SAS,female
1635,HG04188,BEB,SAS,male
1636,HG04189,BEB,SAS,female
1637,HG04194,BEB,SAS,male
1638,HG04195,BEB,SAS,female
1639,HG04198,ITU,SAS,male
1640,HG04200,ITU,SAS,female
1641,HG04202,ITU,SAS,female
1642,HG04206,ITU,SAS,male
1643,HG04209,ITU,SAS,female
1644,HG04210,STU,SAS,male
1645,HG04211,ITU,SAS,male
1646,HG04212,ITU,SAS,female
1647,HG04214,ITU,SAS,female
1648,HG04216,ITU,SAS,female
1649,HG04219,ITU,SAS,male
1650,HG04222,ITU,SAS,male
1651,HG04225,ITU,SAS,male
1652,HG04227,STU,SAS,female
1653,HG04229,STU,SAS,male
1654,HG04235,ITU,SAS,male
1655,HG04238,ITU,SAS,male
1656,HG04239,ITU,SAS,male
2402,NA20845,GIH,SAS,male
2403,NA20846,GIH,SAS,male
2404,NA20847,GIH,SAS,female
2405,NA20849,GIH,SAS,female
2406,NA20850,GIH,SAS,male
2407,NA20851,GIH,SAS,female
2408,NA20852,GIH,SAS,male
2409,NA20853,GIH,SAS,female
2410,NA20854,GIH,SAS,female
2411,NA20856,GIH,SAS,female
2412,NA20858,GIH,SAS,male
2413,NA20859,GIH,SAS,female
2414,NA20861,GIH,SAS,male
2415,NA20862,GIH,SAS,female
2416,NA20863,GIH,SAS,male
2417,NA20864,GIH,SAS,male
2418,NA20866,GIH,SAS,male
2419,NA20867,GIH,SAS,male
2420,NA20868,GIH,SAS,female
2421,NA20869,GIH,SAS,female
2422,NA20870,GIH,SAS,male
2423,NA20872,GIH,SAS,female
2424,NA20874,GIH,SAS,female
2425,NA20875,GIH,SAS,female
2426,NA20876,GIH,SAS,female
2427,NA20877,GIH,SAS,female
2428,NA20878,GIH,SAS,female
2429,NA20881,GIH,SAS,female
2430,NA20882,GIH,SAS,female
2431,NA20884,GIH,SAS,male
2432,NA20885,GIH,SAS,male
2433,NA20886,GIH,SAS,female
2434,NA20887,GIH,SAS,male
2435,NA20888,GIH,SAS,female
2436,NA20889,GIH,SAS,male
2437,NA20890,GIH,SAS,male
2438,NA20891,GIH,SAS,male
2439,NA20892,GIH,SAS,female
2440,NA20894,GIH,SAS,female
2441,NA20895,GIH,SAS,male
2442,NA20896,GIH,SAS,female
2443,NA20897,GIH,SAS,male
2444,NA20899,GIH,SAS,female
2445,NA20900,GIH,SAS,female
2446,NA20901,GIH,SAS,male
2447,NA20902,GIH,SAS,female
2448,NA20903,GIH,SAS,male
2449,NA20904,GIH,SAS,male
2450,NA20905,GIH,SAS,male
2451,NA20906,GIH,SAS,female
2452,NA20908,GIH,SAS,female
2453,NA20910,GIH,SAS,female
2454,NA20911,GIH,SAS,male
2455,NA21086,GIH,SAS,female
2456,NA21087,GIH,SAS,male
2457,NA21088,GIH,SAS,female
2458,NA21089,GIH,SAS,female
2459,NA21090,GIH,SAS,male
2460,NA21091,GIH,SAS,male
2461,NA21092,GIH,SAS,male
2462,NA21093,GIH,SAS,male
2463,NA21094,GIH,SAS,male
2464,NA21095,GIH,SAS,male
2465,NA21097,GIH,SAS,female
2466,NA21098,GIH,SAS,male
2467,NA21099,GIH,SAS,male
2468,NA21100,GIH,SAS,male
2469,NA21101,GIH,SAS,female
2470,NA21102,GIH,SAS,female
2471,NA21103,GIH,SAS,female
2472,NA21104,GIH,SAS,male
2473,NA21105,GIH,SAS,male
2474,NA21106,GIH,SAS,female
2475,NA21107,GIH,SAS,male
2476,NA21108,GIH,SAS,female
2477,NA21109,GIH,SAS,male
2478,NA21110,GIH,SAS,female
2479,NA21111,GIH,SAS,male
2480,NA21112,GIH,SAS,male
2481,NA21113,GIH,SAS,male
2482,NA21114,GIH,SAS,male
2483,NA21115,GIH,SAS,male
2484,NA21116,GIH,SAS,male
2485,NA21117,GIH,SAS,male
2486,NA21118,GIH,SAS,male
2487,NA21119,GIH,SAS,male
2488,NA21120,GIH,SAS,female
2489,NA21122,GIH,SAS,female
2490,NA21123,GIH,SAS,male
2491,NA21124,GIH,SAS,male
2492,NA21125,GIH,SAS,female
2493,NA21126,GIH,SAS,male
2494,NA21127,GIH,SAS,male
2495,NA21128,GIH,SAS,male
2496,NA21129,GIH,SAS,male
2497,NA21130,GIH,SAS,male
2498,NA21133,GIH,SAS,male
2499,NA21135,GIH,SAS,male
2500,NA21137,GIH,SAS,female
2501,NA21141,GIH,SAS,female
2502,NA21142,GIH,SAS,female
2503,NA21143,GIH,SAS,female
2504,NA21144,GIH,SAS,female
